Fecha,Region,Producto,Ventas,Inversion_Publicitaria,Satisfaccion_Cliente
2023-01-01,Este,Producto C,3363,2422,7
2023-01-02,Oeste,Producto B,3001,4180,2
2023-01-03,Norte,Producto B,2447,5316,9
2023-01-04,Este,Producto C,1677,7696,9
2023-01-05,Este,Producto C,511,1614,6
2023-01-06,Oeste,Producto C,4899,5570,3
2023-01-07,Norte,Producto D,3864,1270,1
2023-01-08,Norte,Producto B,3522,3468,4
2023-01-09,Este,Producto D,3871,4607,3
2023-01-10,Sur,Producto D,3330,4075,1
2023-01-11,Este,Producto C,542,1289,3
2023-01-12,Este,Producto C,1443,9120,4
2023-01-13,Este,Producto A,2890,7614,8
2023-01-14,Este,Producto A,3045,4252,9
2023-01-15,Oeste,Producto D,2911,8415,3
2023-01-16,Norte,Producto B,1504,7771,6
2023-01-17,Oeste,Producto C,520,1278,5
2023-01-18,Oeste,Producto C,906,1580,6
2023-01-19,Oeste,Producto D,1514,5958,4
2023-01-20,Este,Producto A,4931,9445,6
2023-01-21,Sur,Producto B,2338,5276,7
2023-01-22,Norte,Producto A,3688,8997,9
2023-01-23,Sur,Producto A,1214,5776,7
2023-01-24,Oeste,Producto A,4646,1824,6
2023-01-25,Oeste,Producto A,4354,4832,1
2023-01-26,Sur,Producto C,4919,9891,2
2023-01-27,Sur,Producto C,640,6445,1
2023-01-28,Sur,Producto A,1463,2380,9
2023-01-29,Oeste,Producto B,872,7534,9
2023-01-30,Oeste,Producto D,4135,4156,7
2023-01-31,Norte,Producto B,3041,5307,2
2023-02-01,Norte,Producto B,4110,6634,6
2023-02-02,Oeste,Producto B,2192,9575,4
2023-02-03,Sur,Producto A,605,6810,1
2023-02-04,Sur,Producto C,2181,9533,1
2023-02-05,Norte,Producto B,4597,6934,5
2023-02-06,Oeste,Producto A,4516,4109,2
2023-02-07,Norte,Producto B,3136,5082,4
2023-02-08,Norte,Producto B,2637,4240,1
2023-02-09,Este,Producto A,3916,7028,4
2023-02-10,Este,Producto C,4945,2849,6
2023-02-11,Este,Producto C,4030,9497,4
2023-02-12,Sur,Producto D,1786,3749,1
2023-02-13,Oeste,Producto A,3679,7680,7
2023-02-14,Oeste,Producto D,4154,1205,2
2023-02-15,Oeste,Producto D,2859,8352,9
2023-02-16,Oeste,Producto D,944,5591,3
2023-02-17,Este,Producto C,535,4450,8
2023-02-18,Sur,Producto A,1975,8214,8
2023-02-19,Sur,Producto D,4457,4811,3
2023-02-20,Este,Producto A,2298,6141,4
2023-02-21,Sur,Producto A,2345,9501,2
2023-02-22,Este,Producto C,1908,3708,4
2023-02-23,Oeste,Producto D,2208,2991,9
2023-02-24,Este,Producto D,3438,9463,2
2023-02-25,Oeste,Producto A,1800,4273,3
2023-02-26,Oeste,Producto B,1743,5538,4
2023-02-27,Norte,Producto C,4476,9712,5
2023-02-28,Este,Producto C,3597,4722,1
2023-03-01,Norte,Producto C,509,4551,7
2023-03-02,Este,Producto C,2925,3832,7
2023-03-03,Este,Producto D,2160,6679,9
2023-03-04,Norte,Producto D,3131,7579,4
2023-03-05,Norte,Producto B,1572,1152,6
2023-03-06,Este,Producto C,3725,6754,2
2023-03-07,Sur,Producto C,1816,3800,4
2023-03-08,Oeste,Producto A,4645,6310,2
2023-03-09,Norte,Producto D,4183,3610,5
2023-03-10,Oeste,Producto C,3773,2104,7
2023-03-11,Sur,Producto B,645,8361,1
2023-03-12,Sur,Producto B,3540,5199,7
2023-03-13,Sur,Producto D,1962,4854,6
2023-03-14,Norte,Producto B,2084,8263,6
2023-03-15,Sur,Producto B,982,2914,8
2023-03-16,Norte,Producto D,3679,8365,8
2023-03-17,Sur,Producto C,1749,4072,6
2023-03-18,Oeste,Producto C,1130,1406,3
2023-03-19,Oeste,Producto B,1161,1166,5
2023-03-20,Este,Producto B,4003,1508,2
2023-03-21,Oeste,Producto C,3352,2661,5
2023-03-22,Este,Producto D,2966,4664,9
2023-03-23,Oeste,Producto B,1487,4489,1
2023-03-24,Norte,Producto A,2046,1680,5
2023-03-25,Oeste,Producto D,1149,3524,6
2023-03-26,Este,Producto B,1468,3120,7
2023-03-27,Este,Producto B,3137,6260,9
2023-03-28,Sur,Producto A,1600,5357,6
2023-03-29,Norte,Producto A,940,2363,5
2023-03-30,Oeste,Producto C,1269,3292,7
2023-03-31,Sur,Producto D,1843,2538,1
2023-04-01,Oeste,Producto D,4858,4408,5
2023-04-02,Oeste,Producto C,4229,8742,2
2023-04-03,Sur,Producto D,4406,9752,4
2023-04-04,Sur,Producto D,2077,2903,7
2023-04-05,Sur,Producto D,4508,1174,5
2023-04-06,Sur,Producto D,3851,3230,6
2023-04-07,Sur,Producto D,2849,5287,2
2023-04-08,Oeste,Producto A,4102,5160,3
2023-04-09,Sur,Producto D,1741,8106,7
2023-04-10,Norte,Producto A,1625,4171,2
2023-04-11,Este,Producto D,3101,2567,6
2023-04-12,Sur,Producto C,1690,2151,5
2023-04-13,Sur,Producto B,4631,8619,1
2023-04-14,Oeste,Producto A,4948,7033,4
2023-04-15,Sur,Producto D,572,9560,2
2023-04-16,Sur,Producto C,2414,5946,4
2023-04-17,Sur,Producto B,2972,9234,1
2023-04-18,Oeste,Producto A,3546,2907,2
2023-04-19,Sur,Producto B,1207,4490,8
2023-04-20,Este,Producto C,2304,3535,6
2023-04-21,Oeste,Producto A,4213,5173,2
2023-04-22,Este,Producto B,3064,2293,6
2023-04-23,Oeste,Producto D,2975,5769,9
2023-04-24,Sur,Producto A,4110,5796,7
2023-04-25,Este,Producto B,4755,7871,9
2023-04-26,Oeste,Producto C,3323,3972,5
2023-04-27,Norte,Producto C,2235,4922,7
2023-04-28,Sur,Producto A,2085,5997,7
2023-04-29,Oeste,Producto B,566,8032,3
2023-04-30,Norte,Producto A,3561,1992,7
2023-05-01,Oeste,Producto A,2928,9112,1
2023-05-02,Norte,Producto B,4653,6287,9
2023-05-03,Sur,Producto B,841,3240,6
2023-05-04,Este,Producto D,3274,2476,5
2023-05-05,Norte,Producto B,3317,7426,7
2023-05-06,Oeste,Producto C,3161,1389,5
2023-05-07,Sur,Producto A,1732,1999,5
2023-05-08,Norte,Producto A,4374,2855,7
2023-05-09,Oeste,Producto C,2901,9125,7
2023-05-10,Oeste,Producto B,1994,9850,3
2023-05-11,Oeste,Producto C,4711,3763,3
2023-05-12,Norte,Producto C,1161,4663,3
2023-05-13,Norte,Producto D,4383,5986,6
2023-05-14,Norte,Producto C,4119,2481,6
2023-05-15,Este,Producto A,2368,8256,3
2023-05-16,Norte,Producto C,2834,4731,3
2023-05-17,Norte,Producto A,3874,8262,8
2023-05-18,Norte,Producto A,1516,1451,8
2023-05-19,Este,Producto A,4906,4093,7
2023-05-20,Norte,Producto B,707,1882,4
2023-05-21,Oeste,Producto D,3165,5408,4
2023-05-22,Norte,Producto A,2993,5068,3
2023-05-23,Oeste,Producto A,1132,4277,5
2023-05-24,Oeste,Producto B,2602,9566,3
2023-05-25,Oeste,Producto A,3459,8951,8
2023-05-26,Este,Producto C,3583,5690,7
2023-05-27,Este,Producto C,2431,5595,3
2023-05-28,Este,Producto D,4219,5559,9
2023-05-29,Norte,Producto A,3062,8291,5
2023-05-30,Oeste,Producto B,2179,9160,9
2023-05-31,Este,Producto C,736,1112,7
2023-06-01,Este,Producto B,4943,6131,7
2023-06-02,Norte,Producto B,2040,4197,6
2023-06-03,Este,Producto C,4443,1139,2
2023-06-04,Norte,Producto B,863,2424,9
2023-06-05,Sur,Producto C,2868,3949,6
2023-06-06,Este,Producto B,785,4168,8
2023-06-07,Sur,Producto C,648,9708,1
2023-06-08,Norte,Producto A,4537,7043,5
2023-06-09,Oeste,Producto D,2266,7989,1
2023-06-10,Este,Producto C,1512,8236,8
2023-06-11,Norte,Producto C,3331,7261,8
2023-06-12,Oeste,Producto D,3007,1887,1
2023-06-13,Oeste,Producto C,2023,4104,9
2023-06-14,Sur,Producto C,3285,1049,2
2023-06-15,Norte,Producto B,3056,4951,9
2023-06-16,Oeste,Producto D,4225,4560,1
2023-06-17,Este,Producto A,2101,1018,9
2023-06-18,Este,Producto C,2908,5821,4
2023-06-19,Sur,Producto D,840,7340,9
2023-06-20,Oeste,Producto B,3317,9058,7
2023-06-21,Norte,Producto A,2996,3606,6
2023-06-22,Este,Producto D,2225,8846,5
2023-06-23,Oeste,Producto A,2189,9643,9
2023-06-24,Oeste,Producto A,3767,7432,2
2023-06-25,Sur,Producto A,4906,4765,2
2023-06-26,Este,Producto C,761,3438,9
2023-06-27,Este,Producto C,1942,7358,3
2023-06-28,Norte,Producto B,905,9319,8
2023-06-29,Este,Producto B,2690,6941,9
2023-06-30,Norte,Producto D,4937,8644,8
2023-07-01,Este,Producto B,743,5855,4
2023-07-02,Sur,Producto A,4607,7547,1
2023-07-03,Este,Producto A,1060,8196,4
2023-07-04,Norte,Producto C,4637,6911,9
2023-07-05,Norte,Producto A,3225,7481,2
2023-07-06,Sur,Producto D,1093,3761,3
2023-07-07,Este,Producto A,2326,5456,8
2023-07-08,Este,Producto A,3729,7361,6
2023-07-09,Sur,Producto D,3787,6693,8
2023-07-10,Este,Producto B,4573,6788,7
2023-07-11,Este,Producto B,633,1201,5
2023-07-12,Norte,Producto D,3638,7160,9
2023-07-13,Este,Producto C,4419,1517,4
2023-07-14,Este,Producto A,572,8737,6
2023-07-15,Sur,Producto D,4994,2988,2
2023-07-16,Sur,Producto A,4725,4802,2
2023-07-17,Oeste,Producto C,3478,6808,2
2023-07-18,Norte,Producto A,4861,8162,7
2023-07-19,Este,Producto D,2485,7241,2
2023-07-20,Este,Producto A,1292,9399,2
2023-07-21,Oeste,Producto B,4759,6633,9
2023-07-22,Este,Producto C,594,6755,7
2023-07-23,Norte,Producto C,1633,7309,3
2023-07-24,Oeste,Producto C,737,5117,3
2023-07-25,Norte,Producto D,3446,9345,7
2023-07-26,Oeste,Producto C,3030,2518,5
2023-07-27,Oeste,Producto B,2460,7163,6
2023-07-28,Sur,Producto D,1548,3600,8
2023-07-29,Norte,Producto B,3029,3195,9
2023-07-30,Este,Producto A,3464,4554,1
2023-07-31,Este,Producto A,1463,3849,3
2023-08-01,Norte,Producto A,1036,2742,7
2023-08-02,Este,Producto A,4723,2306,6
2023-08-03,Este,Producto B,4179,4849,7
2023-08-04,Norte,Producto D,4687,8519,8
2023-08-05,Oeste,Producto D,4224,5195,6
2023-08-06,Norte,Producto C,1042,6178,3
2023-08-07,Oeste,Producto B,1345,3555,2
2023-08-08,Este,Producto A,4103,3305,7
2023-08-09,Este,Producto B,3536,8619,1
2023-08-10,Este,Producto C,2994,3642,3
2023-08-11,Sur,Producto C,4985,7409,4
2023-08-12,Oeste,Producto B,3219,5757,1
2023-08-13,Sur,Producto B,2384,3994,5
2023-08-14,Sur,Producto B,4638,9751,3
2023-08-15,Norte,Producto D,4849,2271,2
2023-08-16,Sur,Producto A,3701,2813,3
2023-08-17,Norte,Producto B,3210,9801,8
2023-08-18,Norte,Producto B,2453,3461,6
2023-08-19,Sur,Producto B,4350,5120,7
2023-08-20,Oeste,Producto C,1189,7124,6
2023-08-21,Oeste,Producto C,2450,9475,6
2023-08-22,Oeste,Producto D,956,5396,3
2023-08-23,Oeste,Producto A,2630,1816,8
2023-08-24,Oeste,Producto D,4476,8304,7
2023-08-25,Sur,Producto A,4744,8331,7
2023-08-26,Sur,Producto C,1679,1082,6
2023-08-27,Este,Producto C,4785,2920,5
2023-08-28,Oeste,Producto C,4065,8817,8
2023-08-29,Sur,Producto D,1382,3093,5
2023-08-30,Este,Producto B,899,8071,9
2023-08-31,Oeste,Producto B,1108,8967,9
2023-09-01,Norte,Producto C,2138,9367,1
2023-09-02,Este,Producto B,2648,6285,6
2023-09-03,Sur,Producto B,1882,5937,7
2023-09-04,Norte,Producto D,1903,1369,3
2023-09-05,Norte,Producto A,1319,2818,7
2023-09-06,Norte,Producto C,3792,3101,7
2023-09-07,Este,Producto C,1319,4490,2
2023-09-08,Sur,Producto D,919,2779,7
2023-09-09,Norte,Producto D,4719,8674,1
2023-09-10,Oeste,Producto B,3802,2364,5
2023-09-11,Norte,Producto C,2008,8294,9
2023-09-12,Norte,Producto A,1267,4676,7
2023-09-13,Este,Producto D,2544,3426,7
2023-09-14,Este,Producto A,2639,9264,2
2023-09-15,Sur,Producto A,3529,9089,8
2023-09-16,Oeste,Producto C,2049,3962,3
2023-09-17,Este,Producto C,2264,1859,8
2023-09-18,Norte,Producto D,3145,5138,3
2023-09-19,Sur,Producto C,4216,3424,7
2023-09-20,Norte,Producto C,4981,5017,2
2023-09-21,Norte,Producto C,2793,9560,4
2023-09-22,Este,Producto A,3208,9342,6
2023-09-23,Sur,Producto D,1400,2134,9
2023-09-24,Oeste,Producto B,3584,6166,5
2023-09-25,Oeste,Producto A,2509,6119,9
2023-09-26,Este,Producto C,741,6694,5
2023-09-27,Este,Producto A,2885,7136,8
2023-09-28,Sur,Producto C,4768,6485,1
2023-09-29,Oeste,Producto C,1171,5164,7
2023-09-30,Oeste,Producto A,663,3346,4
2023-10-01,Oeste,Producto D,964,6039,5
2023-10-02,Norte,Producto C,3542,5897,6
2023-10-03,Oeste,Producto D,2942,9252,5
2023-10-04,Norte,Producto B,2855,6041,1
2023-10-05,Sur,Producto C,4778,4901,9
2023-10-06,Norte,Producto D,3057,2337,2
2023-10-07,Sur,Producto D,1045,2184,9
2023-10-08,Oeste,Producto B,4335,5426,2
2023-10-09,Oeste,Producto D,1093,2551,9
2023-10-10,Sur,Producto D,4304,2629,6
2023-10-11,Este,Producto B,1959,2526,9
2023-10-12,Sur,Producto C,3993,2361,6
2023-10-13,Este,Producto D,3101,5370,6
2023-10-14,Norte,Producto D,2944,6283,2
2023-10-15,Norte,Producto D,3172,8610,8
2023-10-16,Norte,Producto A,4700,2993,3
2023-10-17,Oeste,Producto B,516,1869,7
2023-10-18,Norte,Producto A,3691,2014,5
2023-10-19,Este,Producto B,892,1602,3
2023-10-20,Norte,Producto C,924,1690,1
2023-10-21,Sur,Producto C,1071,9685,8
2023-10-22,Sur,Producto D,4131,1489,3
2023-10-23,Oeste,Producto B,1620,7864,2
2023-10-24,Sur,Producto C,741,8240,1
2023-10-25,Este,Producto B,4397,8786,4
2023-10-26,Norte,Producto C,4595,9024,8
2023-10-27,Oeste,Producto A,2779,1294,3
2023-10-28,Norte,Producto C,1288,6488,1
2023-10-29,Norte,Producto A,1214,5027,4
2023-10-30,Este,Producto C,3349,3912,9
2023-10-31,Sur,Producto D,1275,5744,1
2023-11-01,Sur,Producto A,4526,2873,2
2023-11-02,Norte,Producto C,2747,4258,9
2023-11-03,Oeste,Producto D,578,3817,2
2023-11-04,Sur,Producto A,4426,9636,3
2023-11-05,Oeste,Producto D,1355,4641,7
2023-11-06,Sur,Producto B,2648,5458,3
2023-11-07,Oeste,Producto B,1531,6307,9
2023-11-08,Este,Producto A,3771,9933,6
2023-11-09,Oeste,Producto C,4076,3041,3
2023-11-10,Este,Producto A,4682,1679,9
2023-11-11,Este,Producto D,3956,6738,1
2023-11-12,Oeste,Producto C,4006,6668,3
2023-11-13,Este,Producto B,907,8697,1
2023-11-14,Norte,Producto C,3211,9033,2
2023-11-15,Este,Producto B,3588,1062,8
2023-11-16,Sur,Producto C,2168,8829,7
2023-11-17,Oeste,Producto C,647,8352,2
2023-11-18,Norte,Producto C,4827,7915,2
2023-11-19,Oeste,Producto D,4397,9326,9
2023-11-20,Sur,Producto D,2450,4644,6
2023-11-21,Sur,Producto A,865,5970,5
2023-11-22,Sur,Producto A,2174,9003,6
2023-11-23,Este,Producto B,4994,4278,9
2023-11-24,Este,Producto D,3046,8296,7
2023-11-25,Oeste,Producto B,1062,4074,9
2023-11-26,Oeste,Producto A,4062,9312,4
2023-11-27,Norte,Producto B,2989,8552,2
2023-11-28,Norte,Producto A,1272,2637,8
2023-11-29,Oeste,Producto D,2537,6103,4
2023-11-30,Este,Producto C,3923,1644,9
2023-12-01,Sur,Producto D,3067,3032,4
2023-12-02,Oeste,Producto B,2073,3761,8
2023-12-03,Norte,Producto B,4194,3068,9
2023-12-04,Este,Producto D,3791,1241,9
2023-12-05,Oeste,Producto D,1746,3668,4
2023-12-06,Oeste,Producto A,4219,1802,1
2023-12-07,Este,Producto B,4339,6059,3
2023-12-08,Oeste,Producto B,859,1195,9
2023-12-09,Este,Producto D,2876,3187,4
2023-12-10,Sur,Producto C,3509,3330,5
2023-12-11,Este,Producto B,3493,5841,7
2023-12-12,Este,Producto C,1462,4606,5
2023-12-13,Este,Producto D,4132,9468,4
2023-12-14,Oeste,Producto D,2327,1060,2
2023-12-15,Oeste,Producto A,2113,4927,2
2023-12-16,Este,Producto B,2140,7296,4
2023-12-17,Oeste,Producto C,2716,3591,9
2023-12-18,Norte,Producto A,4812,9758,8
2023-12-19,Norte,Producto B,877,7121,3
2023-12-20,Oeste,Producto A,4714,2200,9
2023-12-21,Oeste,Producto D,4785,3854,5
2023-12-22,Este,Producto B,869,8024,3
2023-12-23,Sur,Producto A,2696,7972,5
2023-12-24,Oeste,Producto A,4247,1136,4
2023-12-25,Norte,Producto C,1151,2029,8
2023-12-26,Este,Producto A,1269,3594,5
2023-12-27,Oeste,Producto B,2921,8206,8
2023-12-28,Norte,Producto B,1280,1661,9
2023-12-29,Norte,Producto C,2216,3472,4
2023-12-30,Sur,Producto B,4483,1086,7
2023-12-31,Este,Producto D,1811,7219,2
2024-01-01,Este,Producto B,3859,9143,6
2024-01-02,Sur,Producto B,1022,7968,8
2024-01-03,Sur,Producto A,1021,3773,7
2024-01-04,Este,Producto A,2820,2700,7
2024-01-05,Este,Producto B,1435,3700,8
2024-01-06,Oeste,Producto C,2730,7815,7
2024-01-07,Oeste,Producto A,4540,2647,5
2024-01-08,Sur,Producto C,4197,7038,7
2024-01-09,Oeste,Producto B,3337,6164,3
2024-01-10,Norte,Producto B,4583,6520,5
2024-01-11,Oeste,Producto D,2961,4687,7
2024-01-12,Oeste,Producto A,3743,1596,9
2024-01-13,Norte,Producto B,3859,5545,2
2024-01-14,Sur,Producto D,1185,9676,4
2024-01-15,Norte,Producto A,2660,9837,7
2024-01-16,Oeste,Producto B,4488,5757,1
2024-01-17,Sur,Producto B,4566,5384,2
2024-01-18,Oeste,Producto A,2067,9912,9
2024-01-19,Norte,Producto A,538,5733,7
2024-01-20,Norte,Producto A,3044,8081,7
2024-01-21,Oeste,Producto B,1756,9690,6
2024-01-22,Este,Producto B,3490,8117,3
2024-01-23,Este,Producto D,2696,5729,3
2024-01-24,Norte,Producto C,3968,2673,2
2024-01-25,Norte,Producto A,3208,9306,6
2024-01-26,Este,Producto B,801,8178,4
2024-01-27,Este,Producto B,1146,3294,5
2024-01-28,Oeste,Producto A,2259,4630,3
2024-01-29,Oeste,Producto C,4851,1146,6
2024-01-30,Este,Producto A,1097,4453,3
2024-01-31,Oeste,Producto C,1161,5507,8
2024-02-01,Oeste,Producto B,4830,6783,9
2024-02-02,Sur,Producto C,1868,8751,4
2024-02-03,Oeste,Producto D,3081,6628,9
2024-02-04,Norte,Producto B,4368,9328,7
2024-02-05,Oeste,Producto D,4037,4360,3
2024-02-06,Oeste,Producto A,4808,4005,7
2024-02-07,Este,Producto A,782,4552,1
2024-02-08,Norte,Producto A,4178,1018,3
2024-02-09,Oeste,Producto C,1986,3242,6
2024-02-10,Oeste,Producto B,4582,7318,4
2024-02-11,Sur,Producto A,4683,6097,7
2024-02-12,Oeste,Producto A,960,9640,3
2024-02-13,Oeste,Producto B,2825,2948,1
2024-02-14,Sur,Producto A,4254,6618,9
2024-02-15,Este,Producto D,2968,5236,6
2024-02-16,Oeste,Producto B,2224,7901,8
2024-02-17,Sur,Producto B,1876,2920,3
2024-02-18,Norte,Producto B,3243,5188,8
2024-02-19,Este,Producto D,1014,1238,2
2024-02-20,Norte,Producto B,1202,1204,4
2024-02-21,Norte,Producto D,2153,6552,3
2024-02-22,Sur,Producto B,2566,5927,1
2024-02-23,Oeste,Producto C,522,5390,7
2024-02-24,Sur,Producto A,2960,3687,2
2024-02-25,Sur,Producto C,1804,5951,4
2024-02-26,Sur,Producto A,3800,7160,9
2024-02-27,Sur,Producto D,861,6388,6
2024-02-28,Este,Producto C,4227,6126,8
2024-02-29,Oeste,Producto B,1784,1816,2
2024-03-01,Norte,Producto A,1014,1192,7
2024-03-02,Norte,Producto A,948,2776,6
2024-03-03,Oeste,Producto C,2355,4645,9
2024-03-04,Norte,Producto D,4062,7314,7
2024-03-05,Oeste,Producto C,3020,9442,1
2024-03-06,Norte,Producto D,3581,2788,8
2024-03-07,Sur,Producto D,1928,8374,3
2024-03-08,Norte,Producto A,4467,4700,2
2024-03-09,Oeste,Producto C,1422,4893,3
2024-03-10,Oeste,Producto C,3637,7811,6
2024-03-11,Oeste,Producto D,2659,3679,3
2024-03-12,Oeste,Producto C,3047,4904,5
2024-03-13,Oeste,Producto B,3479,8260,6
2024-03-14,Este,Producto B,2781,1504,8
2024-03-15,Este,Producto C,3149,7773,7
2024-03-16,Norte,Producto C,813,4816,8
2024-03-17,Oeste,Producto D,3113,1717,3
2024-03-18,Norte,Producto B,3583,5434,4
2024-03-19,Oeste,Producto B,2756,1658,6
2024-03-20,Oeste,Producto A,1537,6057,7
2024-03-21,Este,Producto D,3989,5008,9
2024-03-22,Este,Producto A,3134,5994,1
2024-03-23,Sur,Producto B,4483,5234,8
2024-03-24,Este,Producto D,2278,4764,8
2024-03-25,Sur,Producto C,4395,5637,6
2024-03-26,Sur,Producto D,1624,3104,4
2024-03-27,Sur,Producto C,1197,7801,3
2024-03-28,Sur,Producto C,2679,9575,3
2024-03-29,Sur,Producto D,1904,3607,6
2024-03-30,Norte,Producto C,1543,9385,8
2024-03-31,Este,Producto A,2429,4719,7
2024-04-01,Sur,Producto B,1513,3581,1
2024-04-02,Oeste,Producto C,726,3565,6
2024-04-03,Este,Producto A,2328,3763,7
2024-04-04,Este,Producto C,2523,7328,7
2024-04-05,Sur,Producto B,2952,6991,9
2024-04-06,Norte,Producto A,2585,4406,5
2024-04-07,Sur,Producto B,4783,9923,1
2024-04-08,Norte,Producto B,1580,5780,2
2024-04-09,Oeste,Producto A,2820,5177,4
2024-04-10,Este,Producto A,3690,7476,5
2024-04-11,Oeste,Producto A,3130,3604,9
2024-04-12,Norte,Producto D,3063,9181,1
2024-04-13,Norte,Producto A,3792,3382,3
2024-04-14,Oeste,Producto A,4086,1531,5
2024-04-15,Norte,Producto A,4931,7079,3
2024-04-16,Oeste,Producto A,3447,1634,4
2024-04-17,Este,Producto C,4459,1002,3
2024-04-18,Oeste,Producto D,3313,9397,4
2024-04-19,Este,Producto B,3083,6951,1
2024-04-20,Oeste,Producto A,661,6626,8
2024-04-21,Norte,Producto C,1093,8739,4
2024-04-22,Oeste,Producto C,3759,7003,7
2024-04-23,Norte,Producto C,4655,3890,2
2024-04-24,Oeste,Producto B,3462,7239,2
2024-04-25,Oeste,Producto A,4388,9026,6
2024-04-26,Sur,Producto D,3890,4306,2
2024-04-27,Norte,Producto D,1163,1897,6
2024-04-28,Sur,Producto C,1632,1670,2
2024-04-29,Norte,Producto B,1041,8291,4
2024-04-30,Sur,Producto B,3474,2505,7
2024-05-01,Este,Producto B,1367,7460,8
2024-05-02,Oeste,Producto D,2566,6167,3
2024-05-03,Norte,Producto C,931,6255,9
2024-05-04,Norte,Producto A,4778,1249,2
2024-05-05,Oeste,Producto D,1706,7457,8
2024-05-06,Norte,Producto C,3028,2892,8
2024-05-07,Norte,Producto C,1669,4439,4
2024-05-08,Sur,Producto A,1330,3854,1
2024-05-09,Norte,Producto A,2151,4792,1
2024-05-10,Este,Producto A,1636,6330,2
2024-05-11,Este,Producto B,3310,8871,9
2024-05-12,Oeste,Producto A,975,9235,2
2024-05-13,Norte,Producto C,3310,4612,2
2024-05-14,Oeste,Producto A,1826,3618,6
2024-05-15,Este,Producto C,1519,5678,7
2024-05-16,Norte,Producto D,2336,4163,7
2024-05-17,Norte,Producto B,4756,3942,9
2024-05-18,Oeste,Producto D,2948,9411,6
2024-05-19,Este,Producto D,4793,2925,8
2024-05-20,Norte,Producto C,1783,3972,6
2024-05-21,Oeste,Producto D,1159,1990,2
2024-05-22,Este,Producto C,2510,2812,1
2024-05-23,Oeste,Producto A,898,9995,5
2024-05-24,Sur,Producto A,2233,1489,9
2024-05-25,Norte,Producto C,2625,6876,8
2024-05-26,Sur,Producto A,2671,4645,4
2024-05-27,Este,Producto B,574,8081,5
2024-05-28,Sur,Producto D,3971,3891,5
2024-05-29,Sur,Producto B,1336,4516,6
2024-05-30,Este,Producto D,999,4340,3
2024-05-31,Oeste,Producto A,637,7410,5
2024-06-01,Sur,Producto B,2597,1053,2
2024-06-02,Oeste,Producto A,4196,3575,1
2024-06-03,Sur,Producto D,2385,1615,1
2024-06-04,Oeste,Producto C,3257,6944,7
2024-06-05,Este,Producto C,4420,8404,2
2024-06-06,Sur,Producto B,2400,1954,4
2024-06-07,Este,Producto A,3110,2629,5
2024-06-08,Sur,Producto A,4486,7859,7
2024-06-09,Este,Producto B,1949,9841,2
2024-06-10,Este,Producto C,1046,4278,6
2024-06-11,Sur,Producto D,2503,6455,1
2024-06-12,Sur,Producto B,2596,4801,7
2024-06-13,Sur,Producto D,1203,3561,9
2024-06-14,Norte,Producto C,2903,7539,5
2024-06-15,Oeste,Producto A,2125,1370,5
2024-06-16,Norte,Producto C,3831,1857,4
2024-06-17,Norte,Producto B,3478,5886,3
2024-06-18,Este,Producto A,3339,8485,9
2024-06-19,Sur,Producto B,3884,1383,5
2024-06-20,Oeste,Producto B,3159,5334,8
2024-06-21,Este,Producto C,2361,5290,9
2024-06-22,Norte,Producto B,3356,3725,5
2024-06-23,Sur,Producto C,1185,7204,9
2024-06-24,Este,Producto A,4783,7111,2
2024-06-25,Sur,Producto C,2119,5251,9
2024-06-26,Este,Producto A,1931,1922,4
2024-06-27,Sur,Producto C,1375,3915,6
2024-06-28,Norte,Producto D,2961,8957,6
2024-06-29,Oeste,Producto D,1865,4046,6
2024-06-30,Norte,Producto B,1743,2230,2
2024-07-01,Oeste,Producto C,662,8647,7
2024-07-02,Sur,Producto C,2474,5933,6
2024-07-03,Este,Producto A,3791,4940,1
2024-07-04,Norte,Producto B,769,7483,2
2024-07-05,Oeste,Producto C,1131,1203,7
2024-07-06,Norte,Producto B,1405,1160,1
2024-07-07,Oeste,Producto D,3971,9960,1
2024-07-08,Norte,Producto C,3753,4748,1
2024-07-09,Oeste,Producto C,2514,7718,8
2024-07-10,Oeste,Producto B,2141,3581,4
2024-07-11,Sur,Producto C,704,2093,4
2024-07-12,Oeste,Producto B,1081,5500,2
2024-07-13,Sur,Producto C,1340,9799,1
2024-07-14,Oeste,Producto A,2219,6710,9
2024-07-15,Este,Producto B,3143,3875,7
2024-07-16,Este,Producto C,2797,4191,4
2024-07-17,Este,Producto D,1374,2837,6
2024-07-18,Oeste,Producto C,1189,1689,2
2024-07-19,Sur,Producto D,4500,4759,7
2024-07-20,Sur,Producto D,3641,3103,2
2024-07-21,Oeste,Producto A,1922,1365,8
2024-07-22,Este,Producto B,1171,9092,8
2024-07-23,Este,Producto C,1671,5172,1
2024-07-24,Sur,Producto A,4226,7033,8
2024-07-25,Este,Producto C,1443,3378,2
2024-07-26,Norte,Producto D,1949,2205,6
2024-07-27,Sur,Producto B,4237,5988,1
2024-07-28,Este,Producto C,3039,6669,5
2024-07-29,Sur,Producto C,4459,3735,7
2024-07-30,Norte,Producto D,4760,9490,1
2024-07-31,Sur,Producto C,2861,1956,2
2024-08-01,Sur,Producto C,4152,7623,7
2024-08-02,Sur,Producto D,4170,2474,6
2024-08-03,Sur,Producto A,2253,5460,3
2024-08-04,Norte,Producto D,2852,8002,2
2024-08-05,Oeste,Producto A,2438,7396,4
2024-08-06,Sur,Producto B,870,3828,3
2024-08-07,Sur,Producto A,4979,3850,7
2024-08-08,Este,Producto A,2431,3964,8
2024-08-09,Sur,Producto B,924,5594,2
2024-08-10,Este,Producto A,1394,7644,7
2024-08-11,Oeste,Producto D,1097,3850,8
2024-08-12,Norte,Producto A,3562,1165,6
2024-08-13,Norte,Producto B,2836,1919,6
2024-08-14,Oeste,Producto D,2187,9305,1
2024-08-15,Norte,Producto B,1072,4504,4
2024-08-16,Oeste,Producto B,2590,1991,1
2024-08-17,Oeste,Producto C,4169,7047,4
2024-08-18,Oeste,Producto C,4772,4839,2
2024-08-19,Norte,Producto B,2133,2258,5
2024-08-20,Este,Producto B,2017,8609,9
2024-08-21,Oeste,Producto B,4793,9706,3
2024-08-22,Sur,Producto C,3157,5804,8
2024-08-23,Norte,Producto C,4148,1067,3
2024-08-24,Oeste,Producto A,4088,6660,6
2024-08-25,Oeste,Producto A,2037,5478,4
2024-08-26,Sur,Producto B,3637,9210,8
2024-08-27,Este,Producto D,597,4521,6
2024-08-28,Este,Producto D,3715,1572,8
2024-08-29,Este,Producto C,4250,8082,1
2024-08-30,Oeste,Producto C,3657,8832,6
2024-08-31,Oeste,Producto C,843,6395,1
2024-09-01,Oeste,Producto B,1110,3258,1
2024-09-02,Norte,Producto D,2227,7039,8
2024-09-03,Sur,Producto A,2790,1650,7
2024-09-04,Oeste,Producto B,2354,6741,3
2024-09-05,Sur,Producto A,3108,7838,6
2024-09-06,Sur,Producto A,2579,3587,9
2024-09-07,Este,Producto B,2824,8876,7
2024-09-08,Norte,Producto A,1677,4262,3
2024-09-09,Oeste,Producto D,1591,2338,6
2024-09-10,Este,Producto A,3291,5996,4
2024-09-11,Este,Producto D,2249,6780,3
2024-09-12,Oeste,Producto D,3175,3827,9
2024-09-13,Sur,Producto D,1281,6232,2
2024-09-14,Este,Producto C,3548,3217,1
2024-09-15,Sur,Producto A,2605,4539,2
2024-09-16,Norte,Producto B,4367,8845,7
2024-09-17,Sur,Producto B,2613,5383,1
2024-09-18,Norte,Producto A,4470,3961,6
2024-09-19,Sur,Producto C,2491,4226,7
2024-09-20,Este,Producto C,1567,7837,9
2024-09-21,Este,Producto D,2077,8031,8
2024-09-22,Norte,Producto A,1511,4716,6
2024-09-23,Oeste,Producto A,2774,4414,3
2024-09-24,Norte,Producto B,2314,2448,8
2024-09-25,Norte,Producto A,2926,1570,7
2024-09-26,Sur,Producto C,4902,3904,3
2024-09-27,Sur,Producto A,3051,3505,9
2024-09-28,Norte,Producto B,4157,1917,2
2024-09-29,Este,Producto D,507,7982,3
2024-09-30,Sur,Producto B,3055,8427,2
2024-10-01,Oeste,Producto B,975,7336,1
2024-10-02,Sur,Producto D,2711,2678,4
2024-10-03,Sur,Producto B,984,1615,5
2024-10-04,Oeste,Producto B,2785,8086,6
2024-10-05,Norte,Producto A,4025,5749,5
2024-10-06,Oeste,Producto A,3839,4505,1
2024-10-07,Norte,Producto D,3322,5529,3
2024-10-08,Norte,Producto A,3424,2135,1
2024-10-09,Norte,Producto A,758,9566,5
2024-10-10,Oeste,Producto B,782,8226,5
2024-10-11,Norte,Producto C,2398,6162,6
2024-10-12,Este,Producto A,4635,1206,8
2024-10-13,Oeste,Producto C,3476,5875,1
2024-10-14,Este,Producto A,2767,2319,4
2024-10-15,Norte,Producto A,3700,2141,1
2024-10-16,Sur,Producto D,1112,5627,9
2024-10-17,Norte,Producto D,1187,8389,7
2024-10-18,Este,Producto D,4190,3690,7
2024-10-19,Este,Producto C,1112,8323,5
2024-10-20,Oeste,Producto B,2807,4255,7
2024-10-21,Sur,Producto A,3513,9281,2
2024-10-22,Oeste,Producto A,2281,6213,4
2024-10-23,Este,Producto A,3091,5108,7
2024-10-24,Norte,Producto C,3196,4020,3
2024-10-25,Sur,Producto D,4458,2857,2
2024-10-26,Norte,Producto B,1074,9996,2
2024-10-27,Norte,Producto C,2410,3789,1
2024-10-28,Sur,Producto D,4104,4875,5
2024-10-29,Oeste,Producto C,1169,8605,6
2024-10-30,Norte,Producto B,4864,9135,6
2024-10-31,Este,Producto D,1783,7055,9
2024-11-01,Norte,Producto C,1423,4882,4
2024-11-02,Sur,Producto B,1625,8175,1
2024-11-03,Sur,Producto A,2029,8129,6
2024-11-04,Sur,Producto B,2094,6021,5
2024-11-05,Oeste,Producto A,746,5735,6
2024-11-06,Norte,Producto C,4211,3387,3
2024-11-07,Oeste,Producto D,2060,7582,2
2024-11-08,Oeste,Producto D,2900,6866,6
2024-11-09,Sur,Producto C,2743,3566,1
2024-11-10,Sur,Producto D,4364,1975,7
2024-11-11,Oeste,Producto D,2439,8212,7
2024-11-12,Norte,Producto A,3569,2262,7
2024-11-13,Este,Producto C,726,6047,1
2024-11-14,Oeste,Producto B,4047,8382,4
2024-11-15,Norte,Producto A,764,7231,7
2024-11-16,Sur,Producto C,1895,4327,9
2024-11-17,Sur,Producto A,4057,6630,5
2024-11-18,Norte,Producto B,1145,3259,2
2024-11-19,Este,Producto B,3490,2257,7
2024-11-20,Sur,Producto C,2399,1464,1
2024-11-21,Sur,Producto B,3004,4294,7
2024-11-22,Sur,Producto A,3272,7774,6
2024-11-23,Norte,Producto B,1654,8431,7
2024-11-24,Oeste,Producto A,1087,2230,3
2024-11-25,Sur,Producto A,2321,4805,3
2024-11-26,Oeste,Producto B,1485,7419,7
2024-11-27,Este,Producto C,4579,6750,2
2024-11-28,Sur,Producto D,3848,4856,1
2024-11-29,Sur,Producto B,4331,4135,9
2024-11-30,Este,Producto A,1741,7953,9
2024-12-01,Sur,Producto A,689,7034,7
2024-12-02,Oeste,Producto B,1480,5589,7
2024-12-03,Norte,Producto C,2198,2546,3
2024-12-04,Oeste,Producto C,2215,7065,2
2024-12-05,Norte,Producto A,3093,2094,7
2024-12-06,Norte,Producto A,4636,3411,9
2024-12-07,Oeste,Producto C,4933,3617,1
2024-12-08,Oeste,Producto D,1598,9954,4
2024-12-09,Oeste,Producto B,2826,5145,6
2024-12-10,Oeste,Producto A,3747,3775,7
2024-12-11,Este,Producto A,1395,7628,7
2024-12-12,Sur,Producto C,2174,4155,2
2024-12-13,Norte,Producto B,3409,4970,4
2024-12-14,Oeste,Producto C,1430,8972,5
2024-12-15,Oeste,Producto B,4884,9775,1
2024-12-16,Oeste,Producto B,1223,6415,1
2024-12-17,Este,Producto B,3440,5331,3
2024-12-18,Oeste,Producto A,1589,2942,3
2024-12-19,Oeste,Producto D,1435,7026,8
2024-12-20,Oeste,Producto C,2795,9301,9
2024-12-21,Sur,Producto D,655,1191,1
2024-12-22,Este,Producto C,1570,1861,2
2024-12-23,Oeste,Producto B,2458,7711,2
2024-12-24,Norte,Producto A,3001,1649,4
2024-12-25,Norte,Producto D,4719,5134,2
2024-12-26,Norte,Producto A,4330,8587,7
2024-12-27,Este,Producto C,1354,9828,9
2024-12-28,Este,Producto A,1139,2036,7
2024-12-29,Norte,Producto A,2738,5131,6
2024-12-30,Oeste,Producto D,2102,3148,1
2024-12-31,Este,Producto B,941,6457,9
2025-01-01,Norte,Producto A,1836,7079,5
2025-01-02,Norte,Producto B,4200,3430,5
2025-01-03,Oeste,Producto C,1448,2879,6
2025-01-04,Sur,Producto A,3873,8542,9
2025-01-05,Este,Producto D,959,3011,8
2025-01-06,Oeste,Producto C,892,4373,8
2025-01-07,Norte,Producto C,4438,8357,8
2025-01-08,Norte,Producto D,2287,2289,1
2025-01-09,Oeste,Producto A,2757,2447,1
2025-01-10,Este,Producto A,1638,4199,8
2025-01-11,Sur,Producto C,4308,7381,5
2025-01-12,Sur,Producto A,2954,8522,9
2025-01-13,Norte,Producto B,1966,7059,2
2025-01-14,Este,Producto D,4174,4183,9
2025-01-15,Sur,Producto B,1877,6462,8
2025-01-16,Este,Producto A,3097,4216,9
2025-01-17,Este,Producto C,641,4136,4
2025-01-18,Norte,Producto D,3159,4318,1
2025-01-19,Sur,Producto A,1339,3782,1
2025-01-20,Oeste,Producto A,4118,8657,5
2025-01-21,Norte,Producto C,4417,5920,2
2025-01-22,Sur,Producto C,1095,7324,8
2025-01-23,Sur,Producto B,2404,7327,5
2025-01-24,Sur,Producto D,780,9417,5
2025-01-25,Sur,Producto D,923,1776,2
2025-01-26,Sur,Producto C,4865,6208,7
2025-01-27,Este,Producto B,4749,1687,8
2025-01-28,Norte,Producto D,2250,1529,1
2025-01-29,Este,Producto C,2467,6067,2
2025-01-30,Oeste,Producto A,4588,9080,4
2025-01-31,Sur,Producto D,4678,6518,5
2025-02-01,Norte,Producto B,3446,3153,2
2025-02-02,Sur,Producto B,1949,7094,1
2025-02-03,Norte,Producto B,2831,7974,9
2025-02-04,Este,Producto A,2720,5774,1
2025-02-05,Norte,Producto D,4289,8692,4
2025-02-06,Oeste,Producto D,3310,4103,2
2025-02-07,Oeste,Producto A,2031,3440,4
2025-02-08,Norte,Producto D,3490,5135,8
2025-02-09,Norte,Producto A,4993,8124,8
2025-02-10,Norte,Producto A,1643,6201,9
2025-02-11,Norte,Producto A,1433,1844,5
2025-02-12,Oeste,Producto B,1960,1446,7
2025-02-13,Sur,Producto D,3223,4915,3
2025-02-14,Norte,Producto A,3012,4109,4
2025-02-15,Norte,Producto D,785,2234,9
2025-02-16,Oeste,Producto B,764,7587,1
2025-02-17,Oeste,Producto A,2867,1226,2
2025-02-18,Este,Producto C,3947,5143,5
2025-02-19,Norte,Producto B,2262,8185,3
2025-02-20,Este,Producto C,3548,6558,2
2025-02-21,Oeste,Producto D,2881,1186,1
2025-02-22,Oeste,Producto D,2769,3535,3
2025-02-23,Sur,Producto B,540,2932,1
2025-02-24,Norte,Producto D,567,3032,1
2025-02-25,Este,Producto C,1487,2252,1
2025-02-26,Oeste,Producto A,4508,6509,8
2025-02-27,Oeste,Producto A,3698,6074,3
2025-02-28,Este,Producto A,3024,2881,1
2025-03-01,Sur,Producto B,1585,1269,7
2025-03-02,Oeste,Producto D,2979,2630,3
2025-03-03,Norte,Producto C,2193,5405,8
2025-03-04,Oeste,Producto D,2815,7139,4
2025-03-05,Norte,Producto D,1278,2574,4
2025-03-06,Este,Producto D,2085,2695,5
2025-03-07,Norte,Producto A,1992,4258,6
2025-03-08,Este,Producto C,1160,4262,7
2025-03-09,Norte,Producto C,1848,2445,4
2025-03-10,Este,Producto D,1799,7263,8
2025-03-11,Norte,Producto A,4440,9411,6
2025-03-12,Sur,Producto A,2486,1052,1
2025-03-13,Norte,Producto C,2544,6570,1
2025-03-14,Norte,Producto A,4016,8579,9
2025-03-15,Sur,Producto A,1558,2666,6
2025-03-16,Oeste,Producto A,1476,7901,8
2025-03-17,Oeste,Producto B,1227,3785,7
2025-03-18,Norte,Producto D,3027,1719,6
2025-03-19,Sur,Producto C,3636,9597,4
2025-03-20,Norte,Producto C,842,7855,7
2025-03-21,Este,Producto B,1947,3294,9
2025-03-22,Este,Producto D,2879,9263,7
2025-03-23,Norte,Producto C,4159,5482,1
2025-03-24,Oeste,Producto A,1026,1698,9
2025-03-25,Oeste,Producto C,2396,8243,4
2025-03-26,Norte,Producto A,2573,6918,3
2025-03-27,Norte,Producto B,905,1348,4
2025-03-28,Este,Producto A,2073,6374,4
2025-03-29,Oeste,Producto C,4240,8869,2
2025-03-30,Norte,Producto C,4774,1307,1
2025-03-31,Este,Producto C,4727,4416,1
2025-04-01,Oeste,Producto B,2346,5820,8
2025-04-02,Sur,Producto B,1978,4558,2
2025-04-03,Este,Producto D,2895,5478,5
2025-04-04,Oeste,Producto C,1271,7531,4
2025-04-05,Oeste,Producto A,1078,5620,8
2025-04-06,Este,Producto B,3401,3985,2
2025-04-07,Sur,Producto C,693,9112,9
2025-04-08,Este,Producto C,2507,9467,7
2025-04-09,Oeste,Producto B,1685,3547,7
2025-04-10,Norte,Producto D,2894,1336,1
2025-04-11,Norte,Producto B,3498,3979,2
2025-04-12,Este,Producto B,2292,4968,4
2025-04-13,Oeste,Producto A,1610,1910,4
2025-04-14,Norte,Producto A,4505,2996,3
2025-04-15,Oeste,Producto D,2761,4129,7
2025-04-16,Este,Producto C,4236,6447,8
2025-04-17,Norte,Producto B,4293,7129,2
2025-04-18,Oeste,Producto D,2436,6850,4
2025-04-19,Norte,Producto A,4857,5204,3
2025-04-20,Este,Producto B,1229,8446,2
2025-04-21,Oeste,Producto C,4878,9519,6
2025-04-22,Norte,Producto A,3951,1314,4
2025-04-23,Este,Producto A,4957,2134,6
2025-04-24,Norte,Producto A,2640,5876,2
2025-04-25,Norte,Producto D,2144,9102,4
2025-04-26,Sur,Producto C,3300,9347,6
2025-04-27,Sur,Producto B,641,6592,5
2025-04-28,Este,Producto D,1955,2724,3
2025-04-29,Sur,Producto D,2596,4343,8
2025-04-30,Este,Producto D,1825,1886,7
2025-05-01,Sur,Producto A,1713,1721,3
2025-05-02,Norte,Producto C,1659,8678,6
2025-05-03,Este,Producto D,4999,4357,4
2025-05-04,Este,Producto B,840,1870,5
2025-05-05,Norte,Producto C,4328,7751,5
2025-05-06,Este,Producto B,2468,1497,7
2025-05-07,Este,Producto C,1203,2756,5
2025-05-08,Sur,Producto B,4913,2117,3
2025-05-09,Este,Producto A,2929,3828,5
2025-05-10,Oeste,Producto D,2300,2647,7
2025-05-11,Norte,Producto B,1355,7992,5
2025-05-12,Sur,Producto C,2312,7771,5
2025-05-13,Sur,Producto D,3366,1142,9
2025-05-14,Oeste,Producto D,4142,3761,3
2025-05-15,Norte,Producto C,682,4435,6
2025-05-16,Norte,Producto B,3612,7622,1
2025-05-17,Sur,Producto A,4992,8069,5
2025-05-18,Este,Producto A,2017,5512,8
2025-05-19,Sur,Producto B,1856,2848,5
2025-05-20,Norte,Producto D,2674,3696,9
2025-05-21,Oeste,Producto D,4129,2717,6
2025-05-22,Sur,Producto D,4128,4072,8
2025-05-23,Norte,Producto D,4596,3786,8
2025-05-24,Sur,Producto B,3739,4791,3
2025-05-25,Este,Producto D,4191,4871,7
2025-05-26,Sur,Producto C,518,2806,7
2025-05-27,Sur,Producto D,3903,2504,6
2025-05-28,Norte,Producto A,3504,4308,7
2025-05-29,Norte,Producto D,1632,8117,2
2025-05-30,Norte,Producto B,3839,6048,9
2025-05-31,Sur,Producto A,3811,9263,1
2025-06-01,Este,Producto B,3872,2690,1
2025-06-02,Oeste,Producto B,1487,4303,3
2025-06-03,Oeste,Producto A,3821,4113,3
2025-06-04,Norte,Producto B,673,8850,1
2025-06-05,Norte,Producto B,4241,7416,7
2025-06-06,Sur,Producto D,3552,2504,4
2025-06-07,Oeste,Producto C,1226,9924,2
2025-06-08,Norte,Producto B,4260,4924,5
2025-06-09,Este,Producto B,2375,9615,6
2025-06-10,Este,Producto B,4533,5485,9
2025-06-11,Norte,Producto D,1489,9100,4
2025-06-12,Norte,Producto C,4244,9684,2
2025-06-13,Oeste,Producto A,3186,1191,5
2025-06-14,Oeste,Producto D,919,9690,3
2025-06-15,Sur,Producto D,1093,5917,2
2025-06-16,Oeste,Producto C,2274,6831,1
2025-06-17,Este,Producto C,2959,5322,2
2025-06-18,Este,Producto D,1435,7999,6
2025-06-19,Norte,Producto A,4308,8282,8
2025-06-20,Oeste,Producto D,831,2874,3
2025-06-21,Sur,Producto C,3949,5763,9
2025-06-22,Este,Producto A,3202,9464,9
2025-06-23,Este,Producto C,4506,2051,2
2025-06-24,Sur,Producto A,4368,8538,8
2025-06-25,Sur,Producto B,4700,8411,5
2025-06-26,Este,Producto C,701,7320,4
2025-06-27,Este,Producto C,2997,3105,5
2025-06-28,Sur,Producto D,2342,1307,4
2025-06-29,Este,Producto C,2366,8737,8
2025-06-30,Norte,Producto C,2496,4359,4
2025-07-01,Norte,Producto B,1409,4176,6
2025-07-02,Sur,Producto C,4805,2251,2
2025-07-03,Oeste,Producto B,3689,6366,5
2025-07-04,Sur,Producto B,1270,2517,6
2025-07-05,Sur,Producto B,3655,7226,5
2025-07-06,Oeste,Producto B,3001,6305,2
2025-07-07,Oeste,Producto A,3214,6869,7
2025-07-08,Oeste,Producto D,4085,9039,4
2025-07-09,Norte,Producto A,2128,5891,8
2025-07-10,Este,Producto C,886,5992,7
2025-07-11,Norte,Producto A,3921,2961,7
2025-07-12,Este,Producto A,4508,3863,9
2025-07-13,Norte,Producto C,4593,7603,1
2025-07-14,Este,Producto C,4863,5567,6
2025-07-15,Norte,Producto C,2966,7513,6
2025-07-16,Oeste,Producto A,2782,5005,6
2025-07-17,Sur,Producto A,2356,1183,6
2025-07-18,Norte,Producto C,2498,8755,7
2025-07-19,Este,Producto D,1736,4358,6
2025-07-20,Oeste,Producto D,4644,7615,1
2025-07-21,Norte,Producto B,1650,7797,3
2025-07-22,Norte,Producto C,4818,9728,2
2025-07-23,Oeste,Producto B,1931,8678,6
2025-07-24,Norte,Producto D,2319,6698,8
2025-07-25,Sur,Producto B,2824,2273,3
2025-07-26,Norte,Producto C,1630,7653,8
2025-07-27,Sur,Producto C,3158,2096,8
2025-07-28,Sur,Producto C,4000,9002,5
2025-07-29,Oeste,Producto A,874,5247,8
2025-07-30,Norte,Producto B,2620,6314,6
2025-07-31,Oeste,Producto D,4520,4354,5
2025-08-01,Norte,Producto D,2521,1270,9
2025-08-02,Norte,Producto D,4205,2186,7
2025-08-03,Este,Producto A,3759,7305,8
2025-08-04,Norte,Producto A,3935,3398,1
2025-08-05,Oeste,Producto C,2389,7995,2
2025-08-06,Sur,Producto D,2323,8299,8
2025-08-07,Norte,Producto A,1974,5182,9
2025-08-08,Este,Producto C,2742,3230,4
2025-08-09,Oeste,Producto D,3743,7511,9
2025-08-10,Norte,Producto B,3634,1128,4
2025-08-11,Oeste,Producto C,2570,4672,9
2025-08-12,Este,Producto A,859,5765,7
2025-08-13,Este,Producto A,2541,4970,2
2025-08-14,Oeste,Producto C,1641,8545,9
2025-08-15,Norte,Producto C,2135,6552,4
2025-08-16,Sur,Producto A,4500,1627,8
2025-08-17,Este,Producto B,2443,7589,7
2025-08-18,Norte,Producto D,3861,3044,7
2025-08-19,Norte,Producto B,3480,3341,8
2025-08-20,Sur,Producto C,506,6884,1
2025-08-21,Este,Producto B,3767,9185,5
2025-08-22,Este,Producto A,2091,1249,2
2025-08-23,Norte,Producto C,3764,3925,2
2025-08-24,Norte,Producto D,3106,6043,1
2025-08-25,Sur,Producto A,3719,1974,5
2025-08-26,Sur,Producto A,3773,8192,2
2025-08-27,Este,Producto D,1413,3672,4
2025-08-28,Oeste,Producto D,2511,8279,3
2025-08-29,Este,Producto B,1942,8531,3
2025-08-30,Norte,Producto C,3554,9662,2
2025-08-31,Este,Producto D,4046,2987,6
2025-09-01,Oeste,Producto D,4721,1090,2
2025-09-02,Sur,Producto C,3428,9721,8
2025-09-03,Oeste,Producto D,2329,5059,8
2025-09-04,Oeste,Producto D,1075,3773,5
2025-09-05,Oeste,Producto B,1429,9383,7
2025-09-06,Sur,Producto A,4259,8409,4
2025-09-07,Oeste,Producto A,4199,5440,1
2025-09-08,Oeste,Producto A,1963,8347,2
2025-09-09,Oeste,Producto A,3775,2008,4
2025-09-10,Norte,Producto D,1554,4783,1
2025-09-11,Oeste,Producto C,2400,7646,8
2025-09-12,Sur,Producto C,1957,5298,9
2025-09-13,Oeste,Producto B,1899,5668,4
2025-09-14,Oeste,Producto B,3915,5287,3
2025-09-15,Sur,Producto D,942,3052,2
2025-09-16,Oeste,Producto C,4150,7009,5
2025-09-17,Sur,Producto C,1678,2716,3
2025-09-18,Oeste,Producto A,4958,1310,7
2025-09-19,Sur,Producto D,1757,5538,6
2025-09-20,Oeste,Producto D,4134,2260,1
2025-09-21,Oeste,Producto A,2341,4932,8
2025-09-22,Norte,Producto D,2809,1584,2
2025-09-23,Norte,Producto D,1410,8616,5
2025-09-24,Oeste,Producto B,4840,9551,9
2025-09-25,Oeste,Producto C,4509,3866,8
2025-09-26,Este,Producto D,2669,6898,2
2025-09-27,Sur,Producto B,2672,3011,9
2025-09-28,Este,Producto C,623,7251,5
2025-09-29,Norte,Producto A,3658,5939,6
2025-09-30,Norte,Producto B,1285,5006,3
2025-10-01,Norte,Producto B,2916,2625,3
2025-10-02,Norte,Producto C,1296,1890,8
2025-10-03,Oeste,Producto A,4672,7078,2
2025-10-04,Norte,Producto B,4654,8036,2
2025-10-05,Oeste,Producto D,2436,9923,5
2025-10-06,Oeste,Producto D,2656,4961,6
2025-10-07,Norte,Producto D,4307,3504,2
2025-10-08,Norte,Producto A,1801,9806,5
2025-10-09,Sur,Producto B,4663,4806,7
2025-10-10,Este,Producto D,3640,7100,8
2025-10-11,Norte,Producto A,3736,2719,7
2025-10-12,Sur,Producto D,2852,7686,8
2025-10-13,Sur,Producto C,2432,2587,9
2025-10-14,Este,Producto B,3221,8000,5
2025-10-15,Oeste,Producto B,864,1896,5
2025-10-16,Norte,Producto A,2890,6558,4
2025-10-17,Este,Producto A,1446,9469,9
2025-10-18,Norte,Producto B,1877,5647,5
2025-10-19,Sur,Producto D,1939,3432,2
2025-10-20,Sur,Producto D,3680,4904,8
2025-10-21,Oeste,Producto C,840,7837,7
2025-10-22,Sur,Producto D,3489,2449,8
2025-10-23,Sur,Producto A,882,5500,3
2025-10-24,Este,Producto A,2056,6454,4
2025-10-25,Norte,Producto D,799,5117,5
2025-10-26,Norte,Producto A,638,9869,6
2025-10-27,Este,Producto B,858,3028,1
2025-10-28,Oeste,Producto B,2022,7845,4
2025-10-29,Norte,Producto D,3956,4758,5
2025-10-30,Sur,Producto B,2127,6904,7
2025-10-31,Norte,Producto B,1803,5624,5
2025-11-01,Sur,Producto C,1634,9848,1
2025-11-02,Oeste,Producto C,2686,1165,7
2025-11-03,Este,Producto B,3670,5591,8
2025-11-04,Norte,Producto D,4335,1589,7
2025-11-05,Este,Producto C,2651,5524,4
2025-11-06,Norte,Producto A,1737,3821,8
2025-11-07,Sur,Producto A,4235,7509,5
2025-11-08,Este,Producto A,3334,8693,9
2025-11-09,Norte,Producto D,4760,1071,5
2025-11-10,Sur,Producto B,1498,4580,1
2025-11-11,Este,Producto A,3067,8962,9
2025-11-12,Este,Producto D,1807,1268,5
2025-11-13,Norte,Producto C,1156,3462,6
2025-11-14,Norte,Producto B,3160,2015,4
2025-11-15,Norte,Producto C,2711,8984,6
2025-11-16,Sur,Producto D,2409,1406,8
2025-11-17,Norte,Producto A,4230,8384,3
2025-11-18,Este,Producto A,2546,7049,5
2025-11-19,Este,Producto D,3662,7169,2
2025-11-20,Norte,Producto A,1640,8982,2
2025-11-21,Norte,Producto B,766,1985,7
2025-11-22,Oeste,Producto D,2345,5485,6
2025-11-23,Este,Producto C,2208,9901,4
2025-11-24,Sur,Producto D,4130,3618,5
2025-11-25,Oeste,Producto B,3711,7289,1
2025-11-26,Norte,Producto B,2793,7928,7
2025-11-27,Norte,Producto D,4232,6368,8
2025-11-28,Este,Producto D,4329,5621,9
2025-11-29,Norte,Producto A,2010,8566,8
2025-11-30,Sur,Producto B,975,5670,5
2025-12-01,Este,Producto D,1476,8658,3
2025-12-02,Norte,Producto D,1707,2003,9
2025-12-03,Este,Producto B,2460,8504,6
2025-12-04,Norte,Producto D,1057,3466,5
2025-12-05,Norte,Producto A,1382,2939,3
2025-12-06,Norte,Producto B,2694,2635,6
2025-12-07,Sur,Producto A,3167,9095,3
2025-12-08,Sur,Producto A,2110,7265,6
2025-12-09,Este,Producto A,3988,2895,4
2025-12-10,Norte,Producto A,2954,7524,2
2025-12-11,Norte,Producto B,4994,2073,8
2025-12-12,Sur,Producto A,2446,6184,4
2025-12-13,Norte,Producto A,3308,3402,9
2025-12-14,Sur,Producto D,4325,5895,7
2025-12-15,Norte,Producto B,4036,8331,2
2025-12-16,Este,Producto B,4302,2956,4
2025-12-17,Norte,Producto C,4677,8023,5
2025-12-18,Norte,Producto B,2470,4907,3
2025-12-19,Oeste,Producto B,4322,1807,9
2025-12-20,Sur,Producto C,3319,9378,5
2025-12-21,Norte,Producto B,1402,5827,2
2025-12-22,Norte,Producto B,864,5524,3
2025-12-23,Oeste,Producto B,4758,3284,9
2025-12-24,Oeste,Producto B,3619,6313,7
2025-12-25,Sur,Producto C,3058,1757,2
2025-12-26,Oeste,Producto B,2363,5887,9
2025-12-27,Este,Producto B,615,4854,4
2025-12-28,Oeste,Producto C,2884,4558,9
2025-12-29,Este,Producto D,4435,1961,2
2025-12-30,Sur,Producto A,2990,4847,4
2025-12-31,Sur,Producto D,1442,7726,5
2026-01-01,Sur,Producto C,2224,4575,2
2026-01-02,Sur,Producto A,2834,3418,1
2026-01-03,Sur,Producto C,3267,5198,7
2026-01-04,Este,Producto C,1637,2001,1
2026-01-05,Este,Producto B,3027,6244,8
2026-01-06,Sur,Producto A,4617,8119,3
2026-01-07,Oeste,Producto B,3920,5066,6
2026-01-08,Norte,Producto A,4406,3845,7
2026-01-09,Sur,Producto C,4137,9849,1
2026-01-10,Oeste,Producto C,3453,6316,6
2026-01-11,Norte,Producto D,2867,1422,7
2026-01-12,Sur,Producto A,4721,7715,6
2026-01-13,Sur,Producto B,776,5266,4
2026-01-14,Este,Producto D,2499,8549,1
2026-01-15,Norte,Producto D,1727,7316,9
2026-01-16,Norte,Producto D,4252,3710,4
2026-01-17,Oeste,Producto B,4235,9644,7
2026-01-18,Este,Producto D,1195,9069,7
2026-01-19,Este,Producto B,1809,2657,2
2026-01-20,Este,Producto D,4652,3541,1
2026-01-21,Este,Producto B,3734,7763,8
2026-01-22,Norte,Producto C,4614,4075,8
2026-01-23,Norte,Producto C,2811,4164,7
2026-01-24,Sur,Producto C,3341,3053,8
2026-01-25,Sur,Producto C,4708,9479,3
2026-01-26,Este,Producto C,4059,6737,2
2026-01-27,Este,Producto D,3898,4217,7
2026-01-28,Este,Producto D,1041,2447,8
2026-01-29,Sur,Producto D,3194,7009,1
2026-01-30,Oeste,Producto B,1588,1607,9
2026-01-31,Oeste,Producto B,3863,5552,4
2026-02-01,Sur,Producto B,524,2764,4
2026-02-02,Sur,Producto B,2072,3671,3
2026-02-03,Sur,Producto C,3458,7519,6
2026-02-04,Sur,Producto C,4736,4962,1
2026-02-05,Sur,Producto C,2267,4177,6
2026-02-06,Sur,Producto A,2735,4722,2
2026-02-07,Este,Producto D,700,5906,9
2026-02-08,Este,Producto B,3698,8263,2
2026-02-09,Este,Producto B,756,6054,7
2026-02-10,Este,Producto C,4247,1808,1
2026-02-11,Sur,Producto B,2741,1725,7
2026-02-12,Oeste,Producto B,3675,8701,5
2026-02-13,Norte,Producto D,4106,2216,8
2026-02-14,Sur,Producto C,3836,5051,4
2026-02-15,Norte,Producto D,913,3197,7
2026-02-16,Oeste,Producto A,2514,3806,6
2026-02-17,Este,Producto A,1881,9970,5
2026-02-18,Oeste,Producto A,1598,1972,4
2026-02-19,Sur,Producto C,3926,6634,7
2026-02-20,Este,Producto B,4155,8483,5
2026-02-21,Sur,Producto C,1409,3123,5
2026-02-22,Este,Producto C,687,9790,1
2026-02-23,Norte,Producto B,4544,1224,2
2026-02-24,Norte,Producto D,4256,2814,5
2026-02-25,Norte,Producto A,2515,2106,3
2026-02-26,Oeste,Producto D,2592,1124,2
2026-02-27,Sur,Producto A,4144,4246,4
2026-02-28,Oeste,Producto C,2630,3931,4
2026-03-01,Norte,Producto A,857,3971,4
2026-03-02,Sur,Producto C,2922,3017,4
2026-03-03,Norte,Producto D,4757,8415,3
2026-03-04,Oeste,Producto C,1997,3415,7
2026-03-05,Oeste,Producto D,2658,4096,9
2026-03-06,Oeste,Producto B,3055,2609,5
2026-03-07,Norte,Producto B,2842,1717,4
2026-03-08,Sur,Producto B,3451,4561,2
2026-03-09,Sur,Producto C,1738,7782,2
2026-03-10,Norte,Producto B,1473,2048,5
2026-03-11,Sur,Producto A,4465,9307,7
2026-03-12,Norte,Producto D,1550,8905,9
2026-03-13,Sur,Producto D,4201,6578,7
2026-03-14,Este,Producto A,3280,2620,5
2026-03-15,Este,Producto C,2088,7548,6
2026-03-16,Oeste,Producto C,4378,8381,3
2026-03-17,Este,Producto D,2868,5780,5
2026-03-18,Este,Producto B,936,4792,8
2026-03-19,Este,Producto C,3328,3941,1
2026-03-20,Norte,Producto C,2056,6695,1
2026-03-21,Este,Producto A,4358,7401,7
2026-03-22,Este,Producto A,1804,7197,5
2026-03-23,Oeste,Producto B,2884,6450,5
2026-03-24,Este,Producto C,682,9975,1
2026-03-25,Este,Producto C,2089,9432,9
2026-03-26,Sur,Producto A,2087,6874,1
2026-03-27,Oeste,Producto C,1159,2553,5
2026-03-28,Oeste,Producto D,659,2012,9
2026-03-29,Oeste,Producto A,4453,9378,4
2026-03-30,Oeste,Producto B,1511,2881,8
2026-03-31,Oeste,Producto A,552,7799,6
2026-04-01,Oeste,Producto C,2807,5586,3
2026-04-02,Norte,Producto B,1728,9622,4
2026-04-03,Este,Producto A,1535,9430,2
2026-04-04,Oeste,Producto D,4202,7447,1
2026-04-05,Este,Producto D,4545,3345,8
2026-04-06,Este,Producto A,4949,1075,1
2026-04-07,Norte,Producto D,1764,6877,1
2026-04-08,Oeste,Producto D,2384,7785,4
2026-04-09,Sur,Producto D,2309,5922,6
2026-04-10,Norte,Producto B,3667,9090,9
2026-04-11,Sur,Producto D,4297,3330,1
2026-04-12,Este,Producto D,2841,5686,7
2026-04-13,Este,Producto D,3914,2902,5
2026-04-14,Norte,Producto B,1317,5670,8
2026-04-15,Norte,Producto A,2937,8143,7
2026-04-16,Sur,Producto C,1388,3059,4
2026-04-17,Oeste,Producto D,1167,1140,4
2026-04-18,Sur,Producto A,3124,2789,6
2026-04-19,Norte,Producto D,4732,1016,6
2026-04-20,Sur,Producto B,1318,1464,9
2026-04-21,Norte,Producto A,2688,5471,5
2026-04-22,Sur,Producto B,1606,2827,8
2026-04-23,Norte,Producto D,2724,9711,5
2026-04-24,Norte,Producto D,697,6956,2
2026-04-25,Norte,Producto B,3171,1089,6
2026-04-26,Oeste,Producto C,3992,5815,9
2026-04-27,Sur,Producto B,2948,3851,3
2026-04-28,Sur,Producto D,970,3843,1
2026-04-29,Sur,Producto B,2448,7543,1
2026-04-30,Norte,Producto C,4399,6901,3
2026-05-01,Sur,Producto B,2510,1969,5
2026-05-02,Sur,Producto C,4300,2094,3
2026-05-03,Norte,Producto C,4618,7124,9
2026-05-04,Este,Producto B,4296,8347,8
2026-05-05,Norte,Producto B,4488,4195,3
2026-05-06,Sur,Producto A,734,2404,9
2026-05-07,Norte,Producto D,1428,7940,6
2026-05-08,Este,Producto C,4107,5290,7
2026-05-09,Norte,Producto A,1022,4982,4
2026-05-10,Sur,Producto B,4023,6555,4
2026-05-11,Este,Producto D,2129,8954,2
2026-05-12,Oeste,Producto A,1816,5713,5
2026-05-13,Sur,Producto C,3357,4092,8
2026-05-14,Este,Producto A,1624,5159,7
2026-05-15,Este,Producto C,3087,7308,7
2026-05-16,Oeste,Producto B,1523,8478,6
2026-05-17,Norte,Producto D,1878,9476,3
2026-05-18,Norte,Producto D,3874,5933,5
2026-05-19,Sur,Producto D,2019,5926,1
2026-05-20,Oeste,Producto B,726,4969,7
2026-05-21,Norte,Producto C,1391,3965,9
2026-05-22,Oeste,Producto B,4572,5319,1
2026-05-23,Norte,Producto D,2757,9975,2
2026-05-24,Este,Producto B,3288,8108,3
2026-05-25,Norte,Producto B,896,4939,3
2026-05-26,Oeste,Producto B,2578,1044,8
2026-05-27,Este,Producto C,4924,2810,7
2026-05-28,Este,Producto A,3737,5566,6
2026-05-29,Este,Producto A,4393,2909,4
2026-05-30,Oeste,Producto B,2505,7364,9
2026-05-31,Sur,Producto A,2516,3581,1
2026-06-01,Sur,Producto A,3671,1691,2
2026-06-02,Sur,Producto B,3168,1931,4
2026-06-03,Oeste,Producto B,2378,8910,3
2026-06-04,Este,Producto D,1696,7382,1
2026-06-05,Sur,Producto A,2272,4406,5
2026-06-06,Oeste,Producto C,661,9339,7
2026-06-07,Sur,Producto B,4476,2032,2
2026-06-08,Norte,Producto D,2251,2311,5
2026-06-09,Sur,Producto C,1275,9579,6
2026-06-10,Sur,Producto A,1439,4121,7
2026-06-11,Este,Producto D,3720,2873,1
2026-06-12,Oeste,Producto B,1039,7781,7
2026-06-13,Este,Producto C,1961,4748,4
2026-06-14,Este,Producto B,855,1277,8
2026-06-15,Este,Producto A,4104,2859,4
2026-06-16,Este,Producto C,3823,6929,6
2026-06-17,Este,Producto A,734,7792,9
2026-06-18,Sur,Producto A,2048,5713,5
2026-06-19,Este,Producto D,2596,5675,4
2026-06-20,Este,Producto B,4713,2170,8
2026-06-21,Oeste,Producto C,2601,9681,9
2026-06-22,Norte,Producto A,2173,6308,4
2026-06-23,Sur,Producto A,2600,3462,3
2026-06-24,Sur,Producto C,4157,1287,8
2026-06-25,Sur,Producto A,4096,6953,5
2026-06-26,Este,Producto D,4248,5282,2
2026-06-27,Este,Producto D,3673,2907,9
2026-06-28,Este,Producto D,2315,2161,3
2026-06-29,Oeste,Producto D,4341,1129,2
2026-06-30,Norte,Producto A,2505,7337,1
2026-07-01,Este,Producto C,4993,3363,8
2026-07-02,Norte,Producto C,1174,9151,3
2026-07-03,Oeste,Producto C,886,6983,7
2026-07-04,Sur,Producto C,2658,1143,1
2026-07-05,Este,Producto B,3161,9207,1
2026-07-06,Norte,Producto C,2564,8469,9
2026-07-07,Norte,Producto B,4351,1244,8
2026-07-08,Este,Producto B,3753,1926,3
2026-07-09,Sur,Producto D,4766,4178,6
2026-07-10,Sur,Producto B,1239,3176,3
2026-07-11,Sur,Producto A,1901,6002,4
2026-07-12,Oeste,Producto B,3759,1886,1
2026-07-13,Norte,Producto D,2777,9532,5
2026-07-14,Norte,Producto B,4404,4398,1
2026-07-15,Norte,Producto A,4423,9497,1
2026-07-16,Oeste,Producto A,4714,3654,7
2026-07-17,Norte,Producto A,3727,8392,6
2026-07-18,Oeste,Producto D,3331,2371,2
2026-07-19,Sur,Producto D,4258,8135,2
2026-07-20,Este,Producto C,3012,1320,7
2026-07-21,Norte,Producto D,2651,5654,1
2026-07-22,Norte,Producto A,4175,6300,2
2026-07-23,Sur,Producto A,3245,7761,8
2026-07-24,Este,Producto D,4366,7854,6
2026-07-25,Oeste,Producto B,4264,6505,2
2026-07-26,Este,Producto D,2722,7553,7
2026-07-27,Sur,Producto D,3292,5042,4
2026-07-28,Sur,Producto A,2197,8498,2
2026-07-29,Este,Producto C,3962,7636,6
2026-07-30,Oeste,Producto A,4563,8362,9
2026-07-31,Oeste,Producto C,2024,1011,9
2026-08-01,Norte,Producto A,532,1194,8
2026-08-02,Oeste,Producto D,4525,3537,3
2026-08-03,Este,Producto A,3066,3842,3
2026-08-04,Sur,Producto A,3303,3229,2
2026-08-05,Norte,Producto A,4396,4009,5
2026-08-06,Norte,Producto D,4209,8984,4
2026-08-07,Sur,Producto D,1219,3077,7
2026-08-08,Oeste,Producto D,1472,8845,4
2026-08-09,Sur,Producto D,4218,4867,9
2026-08-10,Oeste,Producto C,4902,5873,2
2026-08-11,Sur,Producto C,2707,9635,6
2026-08-12,Este,Producto B,4926,1297,7
2026-08-13,Oeste,Producto D,4820,6856,4
2026-08-14,Este,Producto C,3530,2015,6
2026-08-15,Norte,Producto A,4075,2384,7
2026-08-16,Sur,Producto D,3616,9745,4
2026-08-17,Norte,Producto B,3785,3350,8
2026-08-18,Norte,Producto B,1143,2269,9
2026-08-19,Norte,Producto B,694,2260,1
2026-08-20,Norte,Producto A,4496,8701,7
2026-08-21,Sur,Producto C,988,9376,9
2026-08-22,Norte,Producto A,2704,5563,5
2026-08-23,Sur,Producto D,3157,7897,2
2026-08-24,Sur,Producto B,3776,6672,6
2026-08-25,Este,Producto A,1602,6593,7
2026-08-26,Oeste,Producto A,1741,7155,2
2026-08-27,Oeste,Producto C,1015,6543,2
2026-08-28,Sur,Producto C,892,8240,1
2026-08-29,Este,Producto B,1130,5683,4
2026-08-30,Sur,Producto A,4216,2881,7
2026-08-31,Sur,Producto A,2347,9713,9
2026-09-01,Sur,Producto C,3155,4809,3
2026-09-02,Este,Producto A,1479,6807,7
2026-09-03,Oeste,Producto A,3902,5883,7
2026-09-04,Este,Producto A,4371,8206,7
2026-09-05,Norte,Producto C,777,5155,2
2026-09-06,Este,Producto B,732,5673,6
2026-09-07,Este,Producto D,2052,2409,2
2026-09-08,Este,Producto B,3770,6197,6
2026-09-09,Este,Producto D,2909,8452,3
2026-09-10,Oeste,Producto A,4012,9718,2
2026-09-11,Norte,Producto B,525,3172,6
2026-09-12,Oeste,Producto D,960,1279,2
2026-09-13,Oeste,Producto C,4264,4977,5
2026-09-14,Este,Producto C,3931,3669,2
2026-09-15,Sur,Producto B,3983,8825,3
2026-09-16,Sur,Producto B,2494,4981,3
2026-09-17,Oeste,Producto A,990,5769,6
2026-09-18,Oeste,Producto B,1572,6247,6
2026-09-19,Este,Producto A,3673,5427,3
2026-09-20,Oeste,Producto A,715,7135,3
2026-09-21,Este,Producto C,2223,6573,1
2026-09-22,Sur,Producto C,2092,5131,7
2026-09-23,Sur,Producto D,3106,8189,8
2026-09-24,Norte,Producto C,658,5535,2
2026-09-25,Sur,Producto C,3813,3776,4
2026-09-26,Oeste,Producto B,3341,8697,7
2026-09-27,Sur,Producto C,2276,9386,8
2026-09-28,Este,Producto D,2552,1662,1
2026-09-29,Sur,Producto B,2795,9671,4
2026-09-30,Norte,Producto D,2196,9044,6
2026-10-01,Sur,Producto C,3493,5218,3
2026-10-02,Este,Producto D,2969,6060,5
2026-10-03,Este,Producto B,2446,6874,9
2026-10-04,Oeste,Producto A,4309,6581,3
2026-10-05,Sur,Producto D,3283,3014,5
2026-10-06,Este,Producto D,4144,4789,8
2026-10-07,Norte,Producto B,3000,8148,6
2026-10-08,Oeste,Producto B,4145,8766,4
2026-10-09,Norte,Producto D,3145,3364,8
2026-10-10,Sur,Producto C,2849,4629,3
2026-10-11,Sur,Producto D,2432,6919,3
2026-10-12,Sur,Producto B,3794,6675,4
2026-10-13,Oeste,Producto A,2257,9872,9
2026-10-14,Este,Producto A,1616,7638,5
2026-10-15,Oeste,Producto C,3067,5651,8
2026-10-16,Norte,Producto D,3999,1609,6
2026-10-17,Oeste,Producto A,992,8940,3
2026-10-18,Norte,Producto D,3806,4866,8
2026-10-19,Oeste,Producto B,1119,1371,9
2026-10-20,Este,Producto A,3732,7998,8
2026-10-21,Norte,Producto C,4323,1615,4
2026-10-22,Sur,Producto B,2880,7911,6
2026-10-23,Sur,Producto C,2046,7010,1
2026-10-24,Oeste,Producto B,4063,3253,4
2026-10-25,Sur,Producto A,2105,5942,8
2026-10-26,Norte,Producto C,4252,1864,1
2026-10-27,Sur,Producto C,2390,2268,3
2026-10-28,Este,Producto B,1775,8454,1
2026-10-29,Este,Producto C,3243,9976,9
2026-10-30,Oeste,Producto B,2993,5571,2
2026-10-31,Norte,Producto B,856,6229,9
2026-11-01,Este,Producto B,1369,3237,4
2026-11-02,Este,Producto B,1385,5054,2
2026-11-03,Norte,Producto A,2501,1935,4
2026-11-04,Sur,Producto B,1783,7394,6
2026-11-05,Sur,Producto D,1119,8891,7
2026-11-06,Oeste,Producto C,1382,1325,3
2026-11-07,Sur,Producto D,1296,8774,3
2026-11-08,Norte,Producto A,4142,4861,8
2026-11-09,Este,Producto D,3925,2985,5
2026-11-10,Sur,Producto C,1796,5932,4
2026-11-11,Oeste,Producto D,744,5603,7
2026-11-12,Sur,Producto A,3395,3778,7
2026-11-13,Norte,Producto B,1429,9832,9
2026-11-14,Oeste,Producto D,1019,8754,9
2026-11-15,Sur,Producto A,3712,5078,5
2026-11-16,Oeste,Producto A,2909,2367,8
2026-11-17,Norte,Producto C,507,5042,1
2026-11-18,Este,Producto C,3025,3575,9
2026-11-19,Norte,Producto D,3923,7754,8
2026-11-20,Norte,Producto B,2519,2581,6
2026-11-21,Norte,Producto A,4782,2986,3
2026-11-22,Norte,Producto D,4167,3240,3
2026-11-23,Este,Producto A,4171,4966,8
2026-11-24,Este,Producto A,3301,8604,5
2026-11-25,Oeste,Producto B,585,9320,7
2026-11-26,Sur,Producto B,3615,6968,5
2026-11-27,Este,Producto D,4732,8493,8
2026-11-28,Este,Producto B,2968,5103,4
2026-11-29,Sur,Producto B,4119,3076,2
2026-11-30,Este,Producto D,2136,6231,3
2026-12-01,Norte,Producto B,4083,3994,8
2026-12-02,Norte,Producto C,4509,4744,7
2026-12-03,Sur,Producto A,3826,6594,2
2026-12-04,Oeste,Producto A,2718,8531,6
2026-12-05,Oeste,Producto A,2717,8371,9
2026-12-06,Sur,Producto A,2869,2644,4
2026-12-07,Sur,Producto D,4138,4144,9
2026-12-08,Norte,Producto A,3003,1242,2
2026-12-09,Oeste,Producto A,1443,5085,2
2026-12-10,Este,Producto A,3337,8954,9
2026-12-11,Norte,Producto A,3160,8269,7
2026-12-12,Sur,Producto C,3436,8130,7
2026-12-13,Oeste,Producto A,4944,7828,1
2026-12-14,Este,Producto C,4447,9362,6
2026-12-15,Este,Producto D,2176,9844,7
2026-12-16,Norte,Producto B,1696,7331,6
2026-12-17,Oeste,Producto A,4605,4512,6
2026-12-18,Oeste,Producto B,3287,2499,2
2026-12-19,Sur,Producto B,1961,3158,6
2026-12-20,Oeste,Producto D,3818,6162,4
2026-12-21,Oeste,Producto B,1166,5039,9
2026-12-22,Norte,Producto C,2676,3035,1
2026-12-23,Oeste,Producto B,4243,8977,8
2026-12-24,Este,Producto B,1100,1857,5
2026-12-25,Norte,Producto B,3152,4823,1
2026-12-26,Norte,Producto A,4922,7770,4
2026-12-27,Sur,Producto A,4324,1298,1
2026-12-28,Oeste,Producto C,4406,8244,6
2026-12-29,Sur,Producto C,1479,1923,2
2026-12-30,Este,Producto A,2951,5232,5
2026-12-31,Norte,Producto C,1128,5306,7
2027-01-01,Norte,Producto A,2129,3799,2
2027-01-02,Norte,Producto D,4196,7578,6
2027-01-03,Este,Producto B,3930,5875,6
2027-01-04,Este,Producto B,4174,6326,5
2027-01-05,Sur,Producto C,4429,7582,5
2027-01-06,Sur,Producto A,3265,2802,3
2027-01-07,Sur,Producto A,4869,3657,2
2027-01-08,Oeste,Producto C,615,4346,7
2027-01-09,Norte,Producto A,2503,3949,1
2027-01-10,Norte,Producto D,1192,1941,6
2027-01-11,Sur,Producto B,3662,2907,6
2027-01-12,Norte,Producto C,1605,5837,3
2027-01-13,Sur,Producto C,3508,9105,2
2027-01-14,Oeste,Producto A,2661,2243,2
2027-01-15,Oeste,Producto C,653,6696,9
2027-01-16,Este,Producto D,4199,2466,5
2027-01-17,Oeste,Producto A,4910,4957,7
2027-01-18,Sur,Producto A,4286,2966,5
2027-01-19,Oeste,Producto A,1564,1375,7
2027-01-20,Este,Producto A,4700,1262,4
2027-01-21,Norte,Producto D,2413,5362,8
2027-01-22,Sur,Producto A,1716,7502,7
2027-01-23,Norte,Producto C,2901,8833,5
2027-01-24,Este,Producto D,2272,2893,6
2027-01-25,Este,Producto B,2460,9106,5
2027-01-26,Este,Producto B,3280,2652,7
2027-01-27,Norte,Producto C,3371,6540,2
2027-01-28,Norte,Producto C,1160,4892,5
2027-01-29,Norte,Producto D,3135,1599,3
2027-01-30,Norte,Producto B,2829,5815,9
2027-01-31,Este,Producto B,4454,2912,6
2027-02-01,Este,Producto B,2950,9792,3
2027-02-02,Sur,Producto B,1632,9572,7
2027-02-03,Sur,Producto B,1199,5213,4
2027-02-04,Norte,Producto A,2538,4637,3
2027-02-05,Oeste,Producto C,2679,6599,8
2027-02-06,Oeste,Producto A,3338,7448,4
2027-02-07,Este,Producto B,1373,9557,1
2027-02-08,Este,Producto D,583,8382,6
